post_date,headlines,texts,likes,comment_counts,shares,url,sponsored,sponsor_name
TBD,We rate Christmas decorations by 12 Orchard Rd malls & some are really A for effort,A very unofficial guide.,96,7,41,https://l.facebook.com/l.php?u=https%3A%2F%2Fmothership.sg%2F2022%2F12%2Forchard-road-christmas-lights-2022%2F&h=AT2Ws-wwsLc1adldmJHrJuyYnkA0iAdqXYDD7_xnVHHaokiQ1ZQ2D_w5QQWQulwQ0eO7zUs7S8B8OZK6uSboYL9yAaiJ88eiWu0xuTykJHfz9jm1d8giAYXVpzjce6xIenrFP2vAifvAZbQoQWV9gDAoCg&__tn__=%2CmH-R&c[0]=AT3HJ-jypsWW3rPeXuBYhRmXclyY2h2zcq64RIjYeldX06A_wLg90An-p0Nj_ckp_tG6OGukPvJSJondrLFC9jCOF6AZn6WEVIwR3-OjthZBazqNI4mtjTihhCBnBsAK3RbT5EWf9WY9-IwzAuI8M-MhMdXw1sdDfjGyzitPGvakATW4E9MeXSLOee0H53srY_8-0MqqEjsPBw4WD_moNaGt-3ZhGHG3G6c7ZxY,ORGANIC,ORGANIC
TBD,,,0,0,0,,ORGANIC,ORGANIC
TBD,"S'porean hawker-chef, 30, on why he doesn't accept donations for charitable cause","You might have heard of Beng Who Cooks. This is why he gave out free meals during the pandemic, and why he doesn't expect a ""thank you"".
***
GDLL stands for Give, Donate, Laugh, Love. Trust us, we know how that sounds.… See more",601,24,30,https://l.facebook.com/l.php?u=https%3A%2F%2Fmothership.sg%2F2022%2F12%2Fbeng-who-cooks-jason-chua-interview%2F&h=AT3TBP-dHGXum7SX0ojJgTz_dfAesIT4trdqLlinlVYQk5IFa2wHlq29OD0JoZt7QqGenQHhFhV-Hy6ZmqdcwQNjdxpyXAi94EkEuKcmUwJlGSXxZFIHs6teGPZ1aHG0TJvjVEZ1_KjkvTkO5gD78O6JJQ&__tn__=%2CmH-R&c[0]=AT23BQtaTRyW2PKzd7cjYMD4WCSdwbdKAKSyfD2MS_2MarjJ3JwvbpSZycv4nuIlvdehkei7MMNsY6wGJC7yHcy2yeo9GAWfDvT3-HPcVCuiDVbPjjJz6XRp0G3GBWNKFKqIjH9nKhHcmsKLn6SiqarQnqFNzmYq5GM4NQ4ve5PCqsFGxceJjV16-cTyZFH-PiUpzNfshs3PgnZb5GbwNEKLTmo5kVJyL-49jbo,ORGANIC,ORGANIC
TBD,"2022 World Cup semi-finals confirmed, France take on Morocco, while Argentina face Croatia",Will it be back-to-back triumphs for France? One step further for 2018 runner-up Croatia? The last shot at glory for Lionel Messi's Argentina? Or the ultimate fairytale ending for Morocco?,75,25,10,https://l.facebook.com/l.php?u=https%3A%2F%2Fmothership.sg%2F2022%2F12%2F2022-world-cup-semi-finals%2F&h=AT0cvHjdQFlN7wtBVx4uQOLl9Uvk80xYuymEUGZM7-0QdFq5nH-mHzqAY7i0aJWSMGOrGpCBI6jCWpTU5piDl61pEz9oObRuQSfVUFd98zSpF45h-6khUxGti6HNCBL35DCjMopAJWODKNO9uBrXvMB2tA&__tn__=%2CmH-R&c[0]=AT2xjOr89dRG4lts4gB7Xozf2XazkgOnlSVU2TxUUTuW9w3QykEx62hfB30V-6mtcgVdJfFMjUHI-rEV2kKF8nWEpKb1Pf8vqT47B45AIFzrnk3lBX0P2IasEuzbpiYozlYydRmhv34XF9LbWKiBHq_PHiUg-8y55SAK4FRoMQmFkHO3X3LAEV8bpy6bjulr26rZfVmSkUoeSFw5NY082yG1D-nv5T8RqE2xpMA,ORGANIC,ORGANIC
TBD,Flowers left in front of Civil Defence Heritage Gallery statue as tribute to fallen 19-year-old NSF firefighter,"Several firefighters from the Central Fire Station, where Go was posted, were also seen standing in silence in front of the statue in their uniforms as a mark of respect, for around a minute.",2300,205,83,https://l.facebook.com/l.php?u=https%3A%2F%2Fmothership.sg%2F2022%2F12%2Ffallen-nsf-firefighter-flowers-tributes%2F&h=AT2f3NoOHSF4_gq7fCVh7iKTsnrCP7DL8jgzZyOPnXpW9X_PE1pMIbWK_fSdofcPNtNppv-0M5XMJjiOEbi0AEG0ise5JAJbWGrSFdDKiHpCB4mKDn4P86dFBPejMQS7YX8Hq5srxSs53yoSlwFJLZnpMQ&__tn__=%2CmH-R&c[0]=AT0inbvmOfZ8a09SPVaJFPD9rSNLaWNPOgBdZeQvHqPLuE-o_Holaoys-QSdrIv8Lx4qUFusB-BMwAg_EAcSkpSH56AVs3jN_nMklW0IebGzL86Zyu1t8XL0V9YO3_u1lSZJ9ivEjv_TyPovJcE1i5Q9NbetgTO7qE5ZKXYLhj-V054JO6-_GxoVNHRoii7nYMoyt2r2_AXU9BOOctOI0OtTzpm2VDCYa9iu2YI,ORGANIC,ORGANIC
TBD,"Is Ice Magic, the winter-themed Bayfront attraction, worth the visit & wait?","Previously, visitors could only remain inside until the end of their respective time slots. This policy has now been changed, and patrons can remain inside until the attraction closes for the day.",626,83,80,https://l.facebook.com/l.php?u=https%3A%2F%2Fmothership.sg%2F2022%2F12%2Fice-magic-singapore-review%2F&h=AT1oOgeZdZjVGpHjAIudtcSiWMhrAmxEw4IjlbIl7o80W-07Gok541v-H3MWAOD1sOR8V4XIAlv88Zy7L0fkqLKiPuJSFSgdXvQ-tqDpM-Bu47r_vnUHP4F3Npcca2ANls15zBOp2nDDq6yf1hJ6oTMteQ&__tn__=%2CmH-R&c[0]=AT1u8Ck-AtgEKl5pfqzemliumiCXsOlfeFfsPrvcGQHJhFsz-r-XPEsg1ilhZ52qnAg8wMW4zHadGdpD6TVo--YFflk6D7wo0cbU0pKHJw2vBsqlliqUbo_iqNobJ3JiqJdcX3UPJr_Gci_VCw0edefG8KBmsKH1mxYtRm0RncCvQITy6A45exoOuf1_oJ7cUFou8cDXiX517bTsdUHNkSe-rI6BK4K0wFktRsc,ORGANIC,ORGANIC
TBD,"376 people in S'pore, aged 13 to 71, investigated for scams of over S$9.2 million",Cheating carries a jail term of up to 10 years and a fine.,159,47,35,https://l.facebook.com/l.php?u=https%3A%2F%2Fmothership.sg%2F2022%2F12%2F376-people-1300-scams-investigation%2F&h=AT3_p41L9Qu6ZiC2_tqKPSSSGK7Ai5ctw_ihB9HgGt6q5LYnapdMv4HgWSds6AsGjTRgwtl6HfSsVViwCPcXqK2LfcxRYz13NsOym-W-MEfFDGGP0N1-sgLQ0ekh7mk54KRo4di1RY9Mnfq9x79eayrvlA&__tn__=%2CmH-R&c[0]=AT0RKxH4dOnm9_dvthLPXaj2qXp1fPJS3j_CM0MkJ-RVJYq5oJC6hYR2sUNww-UAnwgOxAhd6DrlUYZ48EQ4Qw-M3SSom0oStedc0oD24_FP95gFnxcrvOfl-HI5pAiNK79vkEXfz_nqznS99UPlw4vWACwUAvGbMUqyeijAo-75YjU3OgUbLgbAAeMKv3JfoQmeRIskXMa4MpU9LQnwzoNS5UV1bDcgRcE2Yxk,ORGANIC,ORGANIC
TBD,M'sian Domino's Pizza customer discovers greasy cutter in his order,Domino's Pizza apologised to the customer for the incident.,3900,539,370,https://l.facebook.com/l.php?u=https%3A%2F%2Fmothership.sg%2F2022%2F12%2Fmsian-dominos-pizza-customer-discovers-greasy-cutter-in-his-order%2F&h=AT2FkKvdPr1UA6IwcnG9cKFJo72LwZ_PVPscWVwiiWe-Ib2fTq8-8P-z0CMAPRGdLQUd2lIU16KfkWcf019aZYQLAUbt4gLCrSBL46QbX3Zo6br5WWPLn4cQ_XPOt-dR_oR5d2zQzgpiHTyvqOKfvq84hw&__tn__=%2CmH-R&c[0]=AT2dg-xKHN6MvvUYDoKCva4E6aifdZR6YwMKVV7NkLUX40lNL_DkjEnDJesp3MeV2sFmJV3uhoJZY8HUy_kpe64vhmN8rpT-4Zi_E-5F2ktnWw90YdXIm3exkpJ32-FbTJ585O_aO06vDnnyLjvp3a-PLaR41uOPUe7WPqAD27IUbHiyJzTrHqM6qa6hEwD2iI3rxw8L1zQXHT4NXCQ9oUAdpk09kTk-bJAMj9A,ORGANIC,ORGANIC
TBD,PM Lee to officiate new RSN submarine launches in Germany before attending Asean-EU summit in Belgium,The Impeccable and the Illustrious complete the order of four Type 218SG submarines built by Germany.,261,37,16,https://l.facebook.com/l.php?u=https%3A%2F%2Fmothership.sg%2F2022%2F12%2Fpm-lee-visit-germany%2F&h=AT2Ugvb9xBKI7BOMKHfvFL0kA_C-V2NaZGcyH392sDD4zrrJmdi5Ew0jEDgIL52GNR-pY-BFE1p7SVefCQy4i4GbqMwNhBL1BOTU0RFARBA6qOiR9mwwFByRsLdjXhkNk35xTzzay_iJwJMeH9Abk2VEyg&__tn__=%2CmH-R&c[0]=AT241a6QYR3qKvjlOUfoa8AYABSzSKGx6yLrFGl87y5is_FNv6EK_Yub3MjLm21I7Cmh-WLaLd__tVbhOYq-od9D7sjEupBXa_beLrei6K9OVPvZTzon8Ej3_r5kx_hQ8YPkNccAy6GcM8qnYxJjb1XJ1RaT0a0h4ds1r4Mtlp_kGMkOP0vsmuNxJbAooq02p2SrvJzaTWavMC-tzmJbPdednKtwx62YkUDjQRA,ORGANIC,ORGANIC
TBD,Cristiano Ronaldo breaks down in tears after Portugal crash out of World Cup,End of an era?,191,59,15,https://l.facebook.com/l.php?u=https%3A%2F%2Fmothership.sg%2F2022%2F12%2Fcristiano-ronaldo-world-cup-cries%2F&h=AT1PsEhsetiGFZX4ZXfM678bwj_n2o967HjcNVKnSaBA_jIfEQZIwyzxUdbHKb-CxmRqwxYN3ettLD9SfT79YgCE8l9UQvKu775ML9p2Ykyl-5WFuyooxL9-_-1jaDbgjMPBCXZpmcv5igyHB0DfgJE26w&__tn__=%2CmH-R&c[0]=AT3Ju6TF0Se6K-nEsCR71MJh1SF57bP1Yk6GLfNP3BRze3LSBzr3C4pTpr2VHmdlHAl5UO-bev4TqDU7jGkVEtYTwZSIiz9_gkNB7oJIX6SJp-hrNRl5lr_z-d5HxF_xigZi_YlY3Tj93W2CU4_it31fMU3Qyj4YLhm_Ohqa2l5UHAqabQHI9p8gXJkrz7SfXY3taoZLWuXHDcotSrEfWJA4wkFPJq4I49Dfcjk,ORGANIC,ORGANIC
TBD,Heartbreak for Harry Kane as missed penalty sees France beat England to World Cup semi-finals,"Vive Les Bleus, but football isn't coming home.",742,114,35,https://l.facebook.com/l.php?u=https%3A%2F%2Fmothership.sg%2F2022%2F12%2Ffrance-beats-england%2F&h=AT047V0cBvH1qO8YMw7s1RRLenxTNF8FmhpTimVgH29KVY7c41XrRu5omAgfy1Rea1AqUr99ESBLloBInIoFXbgBRseMKzRmEyXbv_96KD4sS4eTJFko9xbmnHiS7tWPOBBSchiijfp4CmPXePqW28mL-A&__tn__=%2CmH-R&c[0]=AT35YvdrCzqR49Erbqqj3rbCYDtWD2P0L8LEqLBseLzMm1Ijdx9nVGDrbKh1-zCMxAABJHUD-n18jbqlnw20s_kcx-E0uoELzWlVkd5wccmraIO6Shp9OOjevDsD4uzqe9yjrZNvpKULKiNfuztEdNgTV-GeEWS41zy84TIoVw9Dyg1qYuyFdkojxA9Pt9g1x5Oa7NYOCG9Cvlg5UanFVPGdT5C0YDGRY1yAvYM,ORGANIC,ORGANIC
TBD,Flash flood warning issued at multiple locations by PUB on Dec. 11 following heavy rain,"A flash flood has also occurred at KPE, towards ECP, near Buangkok East Drive.",311,51,68,https://l.facebook.com/l.php?u=https%3A%2F%2Fmothership.sg%2F2022%2F12%2Fflash-flood-warning-dec-11%2F&h=AT0h1I-9knNxfH29XKcTQCj46figdKt8R8KXO9wgZsx42pKrwI3obi3uj1y4HUIgyqHz-pNRuYpmBGPIljxDXBdfpe3bJXG5or3MejC8cw_ahLWneiIRpDizyj5Ir2JrgzR3XIC072om3NuzZcIttGw6yg&__tn__=%2CmH-R&c[0]=AT1VnhYNkYh4AFUUvNqHFEDiXaW6KKcAGt28ctYs45__-FDx7bkWIcQ4pnXomMZRda3qinXoF6GER5Qor3NARC3F83pDUgB4jjIRW72qzLGG9eqWzH3n-lZ73fLeLYSj9iQLYS2rgMbAEf9TMZrTtQuoJDyX1Vk0hwzNxcUPK_54ENvlyP97a32dRAHklzSgQpon9Fd-LHdrM0nVxaoZZzDsRSnvRt1QDErDUcU,ORGANIC,ORGANIC
TBD,"Morocco knocks Portugal out of World Cup, 1st African nation to advance to semi-finals",This time for Africa.,12000,487,313,https://l.facebook.com/l.php?u=https%3A%2F%2Fmothership.sg%2F2022%2F12%2Fportugal-morocco-2022-world-cup%2F&h=AT35is9Ut1ogpeUOCWdHoOdo9XRcnk_soN6NXywswXZwcsBs8dGgvKwmPGmRMZGZQI58ltATIznMs0WmTEKtks1OGGj0-JhXW3nYDdIcuizZ7parky7QBUbWzZc_4HyHEdfKK6XgYBRF6TdtNArx6P5Ymw&__tn__=%2CmH-R&c[0]=AT2yW3nLDiJwqUAD1EUJG89iAA_ZWPoo-6L1g9-9Cqk5ElGfjHhPhVUwFQD2b7CSzdoM_ngdgv8KRZ5rXMHaUqUOzmP4TaOUBVnV1McoLQ9tqXayl0qC3_cej5ul1ZQ4KSuOWBB8xpPhrdqXUGHlZ9_zlYrbyi4uy60k3JK7KvAJ50AsRJxl_D4KnAA68jKFgEODCUyDsLkspjH4EAIkh6HEDdcTI4EE-PNn6aI,ORGANIC,ORGANIC
TBD,Fire that led to death of 19-year-old firefighter at Henderson Road likely of electrical origin: SCDF,This was revealed through the Singapore Civil Defence Force (SCDF)'s preliminary investigation.,330,90,18,https://l.facebook.com/l.php?u=https%3A%2F%2Fmothership.sg%2F2022%2F12%2Ffire-scdf-dec-10-henderson-road%2F&h=AT11j9nPbAjJhvo6wd74sSkEjuqpe8cQ-oXxQ4cbK7Pem3PtkuGOFS4FT8G386BdSJLk0Faa-kaHrWfb5VyKZjEhu0rq5P6zppwn08og0YFCGC16pUPSWG8p-PJwWX-r9wz9HBWdBDBmKpwrVIgJGwiVVA&__tn__=%2CmH-R&c[0]=AT3CuG27G2FjGOvzsLUmvHNAT_R5dPSiv4u2a9gqczB1Ekzqu7Ovi1etfdO-UZJcgFP2PJ_THm_jWDltKU4x8CxDzTHgHqDPbZMVH17Fog_e6M3I0G3kLZGgsjLrbLDtNeSqT31vQDLlCDWAkFWd0QrMy7uUHCCYldhP6hG2L188Id3GzEEyxmdq13nv4zOeXqZS2DneF_Ishrsp5HfsbsXXRm1JCce97pBF5-w,ORGANIC,ORGANIC
TBD,"Ice Magic apologises for long wait times, extends 3pm timeslots & invites visitors to reschedule","Visitors who were unable to enter the attraction due to the long queues on Dec. 10 can reschedule their visit for another day without any additional costs, said the organisers.",616,169,91,https://l.facebook.com/l.php?u=https%3A%2F%2Fmothership.sg%2F2022%2F12%2Fice-magic-apologise%2F&h=AT1Of98abvqZMzyqEDMm2XM861vBTzSa751yElf9x3v9uZq8bbvQ6ESfWJgFEqpgW2HIwOq9ODvxrglcUB2-wx3q2iyu9JwYxziAhhlrcIamEyH_JaGkuL2IOfxmN3QvJDdSIKxqfKjLounLZS_hryy34g&__tn__=%2CmH-R&c[0]=AT3DwEFMnuJFlLTGSf5ijwiGyEWvPc7iGIfMRZk9wMMfChJq1zBNvolO4TGRfynRvzltNSDGy_79BvdI7umCf4Jv3eoQuB_nC9Y5eEXNwB_gWKRn_nZBDG3_LOQC-o9NQCiRww14qjpneCYWqvAuqNXCS2rUtf0xTFH0KoM5ieS5a1rfK_hznN0VtqURaz1B1TIOo9kDWNrF4MJHCQ_83k6loLsnKJM2j1D6iJ4,ORGANIC,ORGANIC
TBD,'Terrible' situation at Ice Magic festival as visitors dressed for -15°C queue for 3 hours outdoors,"A Mothership reader observed that many children in the queue were dressed in winter clothes and were ""sweating profusely"". The reader shared that she and her toddler eventually gave up queuing and left as the queue was not moving.",5800,1000,1000,https://l.facebook.com/l.php?u=https%3A%2F%2Fmothership.sg%2F2022%2F12%2Fice-magic-queue%2F&h=AT0quIFNIg2Mm6UG4Mj4fufP5TfMuI0S2SDx3Jol4yG9VQpRV_MeTaDpP15czasfcFwyJvZBKWIi1GKG4Dk3F2cuAYr4_iyaw7KVlsvN4gb8lJ7ICuqjaMFzF-TegE3mZzWBY7p7bl-UKrWhaB6gFlLaeA&__tn__=%2CmH-R&c[0]=AT2wg6MvB7CiAorUzJloA7xwzsyiI2Fs36U35gBz9jGdxVvf-YIVq0nRnf9fJYWH9Gonw4vVSxiMcudbgdjMhhCQfsEQN5dt3490wkjDLGh0MmQq0Fbsn2u6VAhtLcPfwzrOjxt0hbawNJiF7lh3GhBMwTMk2p3KZNTWXBEjmjpUALC1AryYOtBR2Pv_OPiTd8R96u2MU9iCCgwdU-4XrelxCc8KBmrHgNBIcf0,ORGANIC,ORGANIC
TBD,Man in S'pore allegedly throws biscuit pack at woman's face after she rejects his invitation for drinks,"When the woman and her friends confronted the man, his friend stepped in to mediate the situation, pleading with them not to call the police.",1000,541,150,https://l.facebook.com/l.php?u=https%3A%2F%2Fmothership.sg%2F2022%2F12%2Fman-throw-yan-yan-at-woman%2F&h=AT2ov_US7OkdgInQugVxAHB98vQBe-i0E-lHzkWQAf4R4nRRgO3HUqlmDMhn0l8hXbMLjnpCX3QGXXeBYMDnBLQ4_2Yb7G8XeL6B3yliEu0AJ4eJatKTvSfTwfGW4w1eHbWz4hR8zO4JxLnxWRDyCRXgBA&__tn__=%2CmH-R&c[0]=AT3vVsSZKlTLtx-KlYFM_GVl9gd8hvr7sKdy3Scc8BgGqCqq4xjY0AybQO5UZ1d5GcS4-Q4rFF7N61dU8yciGdO2ZvnE1afRH2I89QrIqyzluXGV4bYjSsOLB38Bt6zeLBZbHQatIWjCBhgVC0JsZJdwHT2X7iHb3uIKc275c9qepGudSvUu2lI2rNpNML3RHz-z_V-hmm3MMezsbujRsrJ0jGmi9PiTAKdDrzU,ORGANIC,ORGANIC
TBD,"Senja Hawker Centre opens Dec. 11 with 28 stalls & 580 seats, has roof garden & event space",Food options range from Michelin-awarded hawker fare and traditional favourites to meals at concessionary prices.,451,47,252,https://l.facebook.com/l.php?u=https%3A%2F%2Fmothership.sg%2F2022%2F12%2Fsenja-hawker-centre-opening-date%2F&h=AT2FsO4U2fEZGVh7I6k0IhpJUAppX0V6TCvsoyo2EvOjWStCbLu1UrvFroudVkitB6k93qJD4RqKSUgTRpe5IV2V23Tplo0RctU5Vf4g_PoOedDSisjbdoRVbgLbyVHxnTuDBiAX9T9Dw2n4z8opucDAlQ&__tn__=%2CmH-R&c[0]=AT0661OxAGA-NITCHyb27tVX86UPsD6JzB1-qTz8PBZAhFLnrZYAnfnJru3xyqcmL-49PC425JEXPzMZBGaDTRIReO3O3HGPgm9Dp9btiOvf0XiZngYHoryiSN92deB52F9vfFGlovJt7BuG4rDmLZAYcmkqXSWyKeaNkOWj08a-p5V3alkQjcGAdjkXglyZ9YMqzyXgqAwfJr_M48WUNP4NeaI5U77ahvUtZzc,ORGANIC,ORGANIC
TBD,Jackie Chan reveals that 'Rush Hour 4' is in the works,The return of this iconic duo.,2400,71,283,https://l.facebook.com/l.php?u=https%3A%2F%2Fmothership.sg%2F2022%2F12%2Fjackie-chan-rush-hour-4%2F&h=AT34kKX_Ixs054OzOrNh9ml8LKfrBhw8xQhkr1-AahIbuUhNxYWa6Txp-6kG3pfRRCOfMWO2kHgjh_h0svl0vXnqvlWJUZzwSSs6YU6FkgVMqd_l4gp2rF75SglhIvnrV1vLHkt0vZm0-wZm0jYLIdTE3w&__tn__=%2CmH-R&c[0]=AT0wi0UZC_GsBn4WU2qJM7rC1NdH2KXQKyws-CLBIby9rrGFFm_lzINXwTLbBpHPcnk0nFY7LUEOBL67owW0T-F4FNbLaMZHyt8OKBhzRaqluO_mEHlQd0af5tZWrnSzwirVG7GQErUX8sWp_98fb88MAgjNR2o49ecYeEku6qyRATT22tBMTpvPqHCS2k80QZiP4tLLfb_-e6Ld8DvOaiB-O6zIWCuFfd-hZWI,ORGANIC,ORGANIC
TBD,Lucky guests bump into Song Joong Ki at wedding in Bali,"At one point, the actor had apparently gotten thirsty and went to get a glass of water. In true gentlemanly fashion, he got some water for everyone who was seated nearby too.",1200,69,86,https://l.facebook.com/l.php?u=https%3A%2F%2Fmothership.sg%2F2022%2F12%2Fsong-joon-ki-bali-wedding%2F&h=AT0NvqyNrFnvRL7dlrHLfpAhtoJ2YPDs0DVLVVKCAv05llfeDBLOXUnhOzrkc1dmE_Oz__nLMqPOs_TUR1QBW3cZ2z4dskxUFhxJvEzP7UQAv-amDTtWekF0TkU3c3qyhNYID6HAPt8Funvd3bf6-2Lo9w&__tn__=%2CmH-R&c[0]=AT3ZoRnM1lpW537Ao94Z8cXhlMtobDT5VR5f5bbplmN1tmBY4gJ6IBWxBDj9gSPpZEQNfatlu19PY0s_hqfCkynVUdAVJKeVB_BjO0D4ZRoH-UUU_Q0qV4XSwSLsgBfsuTu-coQRoIp2aMQAuL5RfMvaC2j6RHuNTXZDq5gKYbQ1u54eQO48gmqVrTzoo0t57j6235Hiv3b4zXkLcACGYlTAnB7Wx5nGjdhK4Jo,ORGANIC,ORGANIC
TBD,800-seat Bukit Canberra Hawker Centre with 44 stalls to open on Dec. 17,"There will be more unique food options such as mookata, Hainan & Harbin cuisine, Mexican-Indian fusion food and BBQ Melaka Seafood.",1500,217,599,https://l.facebook.com/l.php?u=https%3A%2F%2Fmothership.sg%2F2022%2F12%2Fbukit-canberra-hawker-centre-open%2F&h=AT3e-rinfxMVEr-k8XwC_jIHg13q5jKGp1YhTL7CW0lxxa2nBylkKyUrds5jRfd-As7nQOOfDSz0D1vtJIkezCmVsjQ44rmzjKGgSnP_InOTfnvrFaEM5hNWDXfwZ9VI21WvQq61raCQJn8AMwsqLWSzgA&__tn__=%2CmH-R&c[0]=AT33f2DYtRkepOWj_PtDKRAuG7LIgxHXUFBXjCnqtop5WXzJDssVGLBd7emniSbb6cJy-TFKHt0hvcCdIdli8C37mOKVDP0scJy9bsUCvEoqnTG46Yr1P7wgYhfq3neQVykuwSLab0-xVonXZToWxfdQ_mH46yz4S15evf8SjZpIcQAGuvpa0B5LNPCVgmved_BThJIp_5iKDlCY2HOkOjhBDalquof--8z2ngI,ORGANIC,ORGANIC
TBD,Sports Hub marks official takeover by Sport S'pore with giant Christmas installations & free sports try-outs till Jan. 2023,"There are also free live screenings of the ongoing FIFA World Cup 2022 quarter, semi, and final matches.",294,0,49,https://l.facebook.com/l.php?u=https%3A%2F%2Fmothership.sg%2F2022%2F12%2Fsport-hub-sport-singapore-handover%2F&h=AT2pK6I31HYXj5h01kIebsK_ruBIUDC0P4AEhYh32DcuWH3eyFpdaLL4lbj-3T9xCyxaHt_1yc3KBUu3BYfaGhEIGlzsb94OgcMH3vAdS7AtVa2wwQ0eGt1jL6eAaPRIsKdR3b62HmF5b074iFmF_zBVNQ&__tn__=%2CmH-R&c[0]=AT1u2pPrDwnoQdGWYuk1gPhyS58NM5ESpfM8RULTb7XRECCB0AMwmREePslwDRjJWnMOh-TBPqDqBR_Bu7WJsxMxbFt_Z8fPG8D9y95Qnaf_v_yW9Y-yUQlnk5WtLro6Kr-8mcd9uZBthFK3Vt6CliLlAMuQs-r_MZemdBbHgQ6yP0tHzEq_NshB1wForhN4837pVUqL3a39qvdVwxhMkA8qF7blrmgCjr5nTqo,ORGANIC,ORGANIC
TBD,"Woman in S'pore leaves baking assistant job & joins police, wins fitness award after doing 28 pull-ups","""If male officers are expected to scale a wall while bearing a 20kg load, female officers will do the same,"" said Sergeant Stephanie Koo.",4300,156,159,https://l.facebook.com/l.php?u=https%3A%2F%2Fmothership.sg%2F2022%2F12%2Fpolicewoman-28-pull-ups%2F&h=AT3eConNYkcizsotFb5trPoBZigROvzBGyRqkB97qvna00dbEGX3nvL2e_w1Hkv_kkbFNa34FPS_G9NYbIdCDAyPNEyyu72aXQqa7Dk5SzF8iamFTL-Pm7Z63Pe37rrBTgD2Tb9twk8LkTf7TKfKNVoHAA&__tn__=%2CmH-R&c[0]=AT1nDQhBS-XVhI89raPb8dnr7pwIFOj8AqabJyFPlhuuGeR1Kqljqnyvy6h8UkwKMfUZGU056quezP62TPj4Gf8YEo99Yu_m6llYbGBF4ZuO_O8kHYXTq3BAPPqT1yoBUDPvO5xF_Gx3YfadIfAzdlMAeX-v7FlFvlPYSCoZL10WxsSKegMj45xYsXLzakaJUutwJoHRzncKOgLA65fzJeTV0nIZpsdr-3BHXSc,ORGANIC,ORGANIC
TBD,S'pore police negotiator once spent 21 hours convincing man not to jump off 7-storey high crane,"In 2021, the Crisis Negotiation Unit responded to 65 incidents that involved suicide attempts to barricaded individuals. CNU officers are police officers and psychologists who volunteer their time and hold secondary appointments as negotiators, over and above their primary duties.",238,16,18,https://l.facebook.com/l.php?u=https%3A%2F%2Fmothership.sg%2F2022%2F12%2Fcrisis-negotiation-unit-spf%2F&h=AT08caZLHV5MHojau6OBN-l1TnCRZiZOVohyoU4Tbt6c3NadRbIKapVMV5NNzW6ZmEZ2tHCv4L3JM00Ac1RGm5GHHnBUnwwH1_vBx-mVUtodc6NkMcJGdp4aBCxgp8jaj8wzHAPZ3v8_JEh48ukTYxFJ_w&__tn__=%2CmH-R&c[0]=AT1ARFcK3EPm4zZydkAtZf8NdZIL_uMhdaQeYXtZKFdCmmNvbZ6h7nAU2a7yk5fWS9L-mulGYYLOC55qmv4UDMx9qXmg0o6c3dcUq-2Tn1LAdGTIQ6ObLAawr3YaMyJZE04A-rUlu2D-T4iPbRTW5aX_IU8uhCDJ4SkOkXRNSkaomxr4TkNyE76zkPN3Fl86xKQagE7hTVUQ38_sfJvy5wmsmgG86zOCpZ5qiMc,ORGANIC,ORGANIC
TBD,Last train & SMRT bus timings to be extended for 2022 Christmas Eve & New Year’s Eve,Good for those planning to party late into the night.,896,79,308,https://l.facebook.com/l.php?u=https%3A%2F%2Fmothership.sg%2F2022%2F12%2Flast-train-bus-timings-december-2022%2F&h=AT2HWjiGHxp6SNTD53KMLrrwq0WT4crQsN95WB3acENLAfoPDrw_-C5gQhbmoedHO_kv5mGRqDPMdoR7RswiF5tlr7nFgCZF4TM6lNREqTVTPbmZNOPWv1iFjtS612IYlNtjQJHJ06t6m5MnthYz6Cql6g&__tn__=%2CmH-R&c[0]=AT0L-qS6xco7GLnhpdmpGkidiaYW2CJOnapQTdY-llOwzvNcqqCt_oE3xvgPf5JHjfJjxnWwxiee3AwzgWfXEAgti11FQYQfhI6ZYkCyg1ctRhVWFXrsMDN-vSdp15uTC61wQAJxNHET4stjpOZguNRVutp1mqhyUIC44VgMKt7ycYDDREz6a1Go82JXQqkSMINnEnWyRjaJ6ClOltKn6HB-QpjqEAKwTOCnjFo,ORGANIC,ORGANIC
TBD,"Here’s how I put together a Christmas party for my dogs, all without leaving the house","In the spirit of the holiday season, our writer organised a Christmas party for her three dogs.
She ordered canine and human-friendly food and treats — with everything delivered right to her doorstep. Cutest pictures and GIFs of the trio included inside.
Brought to you by Grab.",112,13,16,https://l.facebook.com/l.php?u=https%3A%2F%2Fmothership.sg%2F2022%2F12%2Fchristmas-party-with-dogs%2F&h=AT0lIdW1-F0tCPwL2aM1scaoRRB7PIFwcwpLZzM9kFi5qVKCNX9ZJmAZbkeJ3EJzR7pBkcUQIUmkSUvlIUQ7XhP37lig-b7fwth9m308ZPUvWR5pIIZJp0h-URZenEVNkChcDpYe_H8jJVTmcenfkOCviA&__tn__=%2CmH-R&c[0]=AT2K7b5A3mm0ALvOnYUvy5Q0KK4H7y5d2Z2euUCRN4qn6EkTtq3LjOW9dcHmz6bldBORhPPYGglH_XD96B7uk32JqhJ4yS_ovnwGc7t8nUQxSNtzG1gbN6sNKgoGVuAwtHS6c4iJbr43CXSWdFyfVtGY0JoVNu6WsvsflVG8yA-DHvJQV6ClpzMeSvM24-Rnide2MDaS60w4r0MgCScoDPT6q7HD7Ew9VLy4fZY,SPONSORED,Grab
TBD,"Argentina beats Netherlands on penalties, will face Croatia in 2022 World Cup semi-finals","The Netherlands came back from a two-goal deficit, with goals in the 83rd minute and in extra time, but Argentina eventually prevailed.",1500,68,50,https://l.facebook.com/l.php?u=https%3A%2F%2Fmothership.sg%2F2022%2F12%2Fargentina-netherlands-2022-world-cup%2F&h=AT0xlQaSu-mdtQGL6jICWWIHMgGjMxgZZbs6KSimgqA01IcqDRgfD0RUr43yJYXw803p-FdKEJ6YjA8P402F_aptqh8fCSw92KOpFnRQ_ipijZLYlK-W3RHOlxk3I8BCwUQNlpx7y9y-i7wXP55NXK0jaQ&__tn__=%2CmH-R&c[0]=AT1By9alQEPk3vvZqKBvVE46FIsaRE6eIbiaBifG2L_Pl0THN6TE9q8AYJhysydMzkiIYve7ZAXy9CyWRe1_lsDZvZFFSNww_fLjARpdi3P06Q_2UjCTXA1Y-85OYjWDOodDa60Uob0EqMCQ-WLsDa0iVLttX1S6_d9OM-GrkcMfJJfVx7SyJpZf8c2eOA2URoTzQjRj8DZb9XgCDvYh1BUrA_di5JMlcbdBgiE,ORGANIC,ORGANIC
TBD,"Separated for 6 years, S'porean man flies domestic helper's 2 children here for surprise reunion","The employer spent S$3,000 of his own money to make this happen. It was the first time the helper's two children have taken a trip out of their own country. And it was the first time in six years the two children have met their mother face-to-face.",5100,373,277,https://l.facebook.com/l.php?u=https%3A%2F%2Fmothership.sg%2F2022%2F12%2Fsingaporean-man-fly-domestic-helper-children%2F&h=AT1XWpd0ZDcpUEyi2dPzVPbdOlHtrXbbGc2Gy_-Aq9S0u9OTFWR_BaGeBNvf6KuNla7NlCpZ6ObqIImnZWKJx9qOZMnyN9-5CVbgHABqYgxxSjS9yndUYYWEMIrkCwm_CrdJXmFcqTFKVvAUdblPmV6IRg&__tn__=%2CmH-R&c[0]=AT1hwUPBIFQ5jUwXi0O3JuJBtQ2y-JTiDYTfZgoyYM8EGmyD3qGqA7Ybj-CKKvZYW6xHIwfrcFm9Hz2S4fvimxfeP76rMWP1zNKuK5ADhAcHf7VL6xietVMwjAc_S54TkVXA4wn9AAkKx4w7jHvatSN8RL9tb6-h0M_fEl1HfjbTdbKjVHUWgPp4M4E8bbT16kHFS88f06c12IutOW1B-jDhdclW-ZVcJLzCpbQ,ORGANIC,ORGANIC
TBD,Brazil out of 2022 World Cup after losing to Croatia on penalties,Brazil were one of the favourites to win this 2022 World Cup.,2700,263,136,https://l.facebook.com/l.php?u=https%3A%2F%2Fmothership.sg%2F2022%2F12%2Fbrazil-croatia-world-cup-2022%2F&h=AT1HhknBgTZZQ_bZEtCBTmBczF1qYyHC81LWp00dap6ldjAGek9mSrAKN2mG7Dn3PkaI5GHjQLZPIbtzakIHA15tAI9gprz3syyg_4GE46nSgRYUhm-HTSXLMfo-g4fvDY6PHGQiQ8EmFeAFT19iWrPIpg&__tn__=%2CmH-R&c[0]=AT2rk5m43-mZ0KMFqSy4_Ico2oD6NVKl7z5VBdEId0XwebFCyl53J-FmK9GaYJLZtNT1pYX-Hi_EHUZ9D4j350LhYRnEPdy8pSxGMldqFW4NYbbzhCXFM3Q0HYmxVYio74C7fUR4phAb49-1kgQJZ4OJpx1UK9yDIJ15gu_VljpwjAF61Ob3l_ZSqqwVd2wJgBIfgzwO3WsMy1R1A_OSdu-oosmXw3Wyz6o5dt4,ORGANIC,ORGANIC
TBD,SCDF to hold ceremonial funeral for fallen firefighter who had responded to over 20 fire & rescue incidents,19-year-old Corporal Edward H Go is the first firefighter to have fallen during an SCDF operation.,4200,658,331,https://l.facebook.com/l.php?u=https%3A%2F%2Fmothership.sg%2F2022%2F12%2Ffirefighter-henderson-road-edward-go%2F&h=AT2zbmlg5fC1LHNxz0u34ZrJ4_BKBLkM6YT3VAawm7nis6ubYuvnO9pDUMbCV_po2ouE40AIrOwm6dIoy2AM5azSlzm7ZgljGCHbgT1Ar-bF_WMNiAp4r75dw6gFU3K0asxoE_01xJnOsXbS5swNn1anTA&__tn__=%2CmH-R&c[0]=AT3c2PJ_90qS7YVHQll6DqP3WyP2Zd2I4-BrtHi8iXYG1_hDRm19QoCBkpq3_6O6ahUs1aScL-DAzTxbwqJRryYMazLRcmcifSZi7pvfc3ZOu3ytOY2i4VWUdYiS0ouaVOLTBKvCvYEKBPo_NFbSKH3oh4hcKWwWzhXLIci9_el4TeclFMpnrnb_zx1FyrMfDdgwP2RLCQESFueNgV-ODYYIwu-jd1CKyV3_YN8,ORGANIC,ORGANIC
TBD,NParks receive alert about crocodile spotted near West Coast Park,These native reptiles can grow to more than 5m in length. NParks is monitoring the area and will continue to keep a close watch on the situation for public safety.,5000,513,1100,https://l.facebook.com/l.php?u=https%3A%2F%2Fmothership.sg%2F2022%2F12%2Fcrocodile-west-coast-park%2F&h=AT1eAGu1OHhwdnTiBzYr_SXkEwt3ta_b5D1s-5SV2zG-tcW1nGJ0FeTpeBXjdA1GwlKuDC1RPye3oufJnc_8Y_DiBWzlffVvQg6zuvEsbK0T8QQpCcA_WJ7swKGnLSkjHeuU6ktADNVwj2wi0niU4ArC2A&__tn__=%2CmH-R&c[0]=AT0LhlAbp1ZE0istza3h_t3_jciqL9lJpUlhABZ3mIquI6oDhU63pj8kAjc4OjsgsnBFKYBddTZo8KhotpLJIGmh9kr4981h32saFzhDORdlvfl-ixtU-Vjz81uFDX-eEY81ge5c_D9_EcXLtfS4owmqRDpZdlFJs6EegLBexeB-X_iJUlltfOGF5a0eON2Z8bdU52HC08vwN1y9vLAgwERo96zsqtUAO4JVnXo,ORGANIC,ORGANIC
